year,county,pct_fair_poor_health,pct_smokers,pct_obesity,food_env_index,pct_excess_drinking,pct_uninsured,prim_care_phys_rate,mental_health_prov_rate,preventable_rate,pct_children_poverty,avg_daily_pm25,pct_severe_hous_prob,severe_hous_cost_burden,pct_overcrowding,pct_freq_ment_distress,pct_freq_phys_distress,pct_diabetes,pct_food_insecure,pct_limit_access_health_food,pct_drug_overdose_mortality,median_hh_income,pct_hs_complete,pct_some_college,pct_unemployed,pct_single_parent_hous,pct_under18,pct_over65,pct_nh_black,pct_ai_an,pct_asian,pct_nh_opi,pct_hispanic,pct_nh_white,pct_female,pct_rural
2022,Alameda,16,10,24,9.1,17,5,111,692,2783.0,9,14.4,23,17,8,11,10,9,8,1,15.0,113518,89.0,77,8.8,19,20.2,14.7,10.0,1.1,33.2,0.9,22.2,30.0,50.8,0.4
2022,Alpine,20,16,30,6.6,20,9,0,357,0.0,25,8.3,20,23,4,15,14,10,13,17,0.0,64542,95.0,52,11.2,35,18.9,25.6,0.4,25.4,1.9,0.0,13.0,60.9,47.7,100.0
2022,Amador,17,14,29,8.8,23,7,60,257,2475.0,13,13.6,18,16,3,14,12,9,11,0,23.0,68141,91.0,58,9.1,22,15.1,28.0,2.6,2.3,1.7,0.3,14.9,76.8,45.7,60.4
2022,Butte,19,15,32,7.4,20,8,62,774,4754.0,19,13.8,23,19,3,15,13,10,14,6,28.0,54718,90.0,69,9.2,21,20.2,18.4,1.6,2.7,5.2,0.3,17.9,69.9,50.5,18.9
2022,Calaveras,17,15,30,8.0,22,8,46,194,2477.0,16,14.7,20,18,2,15,12,9,12,6,21.0,66329,90.0,59,7.6,24,16.9,28.9,0.9,2.0,1.8,0.3,13.3,79.5,50.1,75.4
2022,Colusa,25,14,32,7.0,19,12,28,209,4730.0,13,11.8,18,11,7,14,14,12,13,12,0.0,59422,73.0,51,16.0,19,27.0,15.4,1.1,2.9,1.6,0.6,60.4,33.8,49.1,31.7
2022,Contra Costa,16,10,24,9.1,19,6,102,381,2959.0,8,13.5,20,16,5,12,10,9,8,3,16.0,106484,90.0,72,8.9,19,22.2,16.7,8.7,1.1,18.9,0.6,26.3,41.8,51.1,0.8
2022,Del Norte,23,18,33,6.3,20,8,58,468,2595.0,23,11.6,20,16,5,16,15,11,16,14,19.0,47442,80.0,42,9.5,29,20.7,19.0,3.4,9.8,3.2,0.2,20.4,61.7,45.4,33.7
2022,El Dorado,14,12,26,8.7,23,6,79,382,2985.0,9,12.0,18,15,2,13,11,8,9,4,18.0,87792,94.0,70,8.3,15,19.6,22.8,0.9,1.4,5.0,0.2,13.3,76.7,50.3,34.7
2022,Fresno,26,14,38,7.4,16,10,69,421,3649.0,23,17.1,27,19,9,14,14,14,15,5,14.0,61401,77.0,57,11.3,27,28.1,12.8,4.6,3.1,11.5,0.3,54.1,27.9,50.1,10.8
2022,Glenn,24,15,32,7.3,20,12,14,113,5270.0,17,13.8,21,18,4,15,15,12,14,9,25.0,57779,74.0,44,8.9,21,26.7,16.6,0.9,3.5,3.0,0.2,43.1,50.0,49.1,40.9
2022,Humboldt,19,15,28,7.5,21,10,63,533,2970.0,19,7.8,24,20,4,15,14,10,15,5,27.0,56071,91.0,67,8.4,25,18.8,19.1,1.2,6.4,2.9,0.4,12.5,73.2,50.5,29.8
2022,Imperial,29,13,36,6.3,18,10,25,177,3190.0,25,13.5,27,18,10,14,16,15,19,8,25.0,47599,70.0,54,22.5,31,28.5,13.6,2.4,2.5,2.1,0.2,85.4,9.6,48.8,17.4
2022,Inyo,18,14,28,8.1,22,9,94,499,2948.0,15,7.5,18,15,2,14,12,9,10,8,41.0,55981,91.0,63,7.8,26,20.6,24.3,1.0,13.8,1.7,0.2,23.7,60.5,49.9,46.4
2022,Kern,27,15,36,7.4,16,9,49,231,4040.0,25,19.0,24,17,9,15,16,13,14,8,32.0,58583,75.0,49,12.5,25,28.7,11.6,5.2,2.7,5.6,0.3,55.2,32.1,48.9,10.2
2022,Kings,26,14,35,7.6,20,9,36,219,3825.0,18,17.6,22,15,8,14,15,13,13,7,15.0,60319,74.0,51,11.6,24,26.9,10.9,6.3,3.2,4.4,0.4,55.6,30.9,45.0,10.9
2022,Lake,22,17,32,7.7,19,9,43,402,3324.0,22,9.2,20,18,3,16,15,11,15,2,71.0,52345,86.0,54,9.6,27,21.4,23.5,1.7,4.6,1.4,0.3,22.8,67.9,50.1,33.1
2022,Lassen,22,17,31,7.5,21,5,29,316,3392.0,16,9.4,14,13,1,14,14,10,12,9,28.0,63803,81.0,38,7.1,24,17.9,16.3,7.6,4.3,1.7,0.9,19.6,64.7,38.6,70.5
2022,Los Angeles,22,11,28,8.6,17,11,74,408,3637.0,17,14.7,32,23,11,12,12,11,11,1,14.0,75624,80.0,65,12.8,25,21.1,14.5,8.0,1.5,15.7,0.4,48.5,25.8,50.7,0.6
2022,Madera,26,14,33,7.9,18,11,43,173,3175.0,19,14.2,24,16,9,15,15,13,13,5,14.0,68744,72.0,49,10.8,21,27.3,14.6,3.1,4.6,2.6,0.3,59.5,32.6,51.6,32.9
2022,Marin,12,10,23,9.3,21,5,148,835,1690.0,6,11.2,22,19,4,11,9,7,7,1,17.0,127601,94.0,79,6.7,18,19.5,23.6,2.6,1.0,6.8,0.3,16.4,70.7,51.1,6.5
2022,Mariposa,18,15,28,7.8,22,10,35,309,3347.0,19,14.8,20,17,2,15,13,9,14,3,21.0,56887,91.0,69,10.9,39,16.3,28.8,1.1,3.8,1.6,0.2,12.7,78.6,49.5,100.0
2022,Mendocino,20,15,31,7.6,21,11,91,809,2468.0,19,11.4,26,21,5,15,14,10,14,6,44.0,53176,87.0,58,8.9,29,21.1,23.7,0.8,6.6,2.3,0.3,26.4,63.8,50.4,45.2
2022,Merced,27,14,35,7.3,17,11,45,217,4528.0,23,15.2,25,16,10,15,16,13,14,8,16.0,58998,70.0,49,12.2,27,29.0,11.7,3.0,2.6,8.0,0.4,61.5,25.8,49.5,14.3
2022,Modoc,21,17,31,6.1,20,11,68,331,3140.0,28,10.0,14,12,3,16,15,10,16,17,0.0,46838,85.0,51,8.5,25,19.4,28.7,1.1,5.4,1.2,0.4,15.0,76.6,49.8,70.0
2022,Mono,17,13,29,7.5,22,11,76,213,2144.0,10,9.8,9,9,1,13,12,9,9,17,0.0,73204,88.0,62,11.8,12,17.3,17.2,0.7,2.9,2.4,0.4,27.3,65.5,46.8,45.8
2022,Monterey,24,12,32,8.4,20,12,65,416,3206.0,15,7.3,29,18,14,13,13,12,10,5,16.0,85031,73.0,50,10.8,19,25.9,14.5,2.5,2.7,6.8,0.6,59.7,29.0,49.2,9.8
2022,Napa,16,11,29,9.1,21,9,97,627,2347.0,9,13.4,22,16,6,12,11,9,8,3,13.0,92149,86.0,66,8.7,20,19.9,20.3,2.1,1.3,9.0,0.4,34.8,51.4,50.2,13.4
2022,Nevada,15,12,25,8.0,23,7,74,997,2329.0,11,7.3,20,18,2,14,11,8,10,9,23.0,74158,95.0,74,8.0,19,16.8,28.9,0.5,1.3,1.5,0.2,9.8,84.6,50.9,42.1
2022,Orange,17,10,25,9.1,18,9,100,327,2432.0,10,11.5,27,19,9,11,11,10,8,1,16.0,98786,86.0,72,8.8,18,21.5,15.7,1.7,1.0,22.5,0.4,33.8,39.2,50.7,0.1
2022,Placer,14,11,25,8.8,22,5,124,340,1957.0,6,12.3,17,15,2,12,10,8,8,5,15.0,100662,95.0,80,7.3,14,21.9,20.4,1.7,1.1,8.7,0.3,14.7,70.6,51.2,13.8
2022,Plumas,16,14,29,8.1,23,7,80,311,3502.0,18,14.6,17,15,1,14,12,8,13,1,23.0,58489,95.0,73,10.7,30,17.4,30.4,1.0,3.1,1.1,0.2,9.7,82.5,50.2,74.0
2022,Riverside,22,13,33,8.4,19,10,44,236,3313.0,15,14.3,25,19,7,13,13,11,9,7,22.0,76409,83.0,57,9.9,22,24.6,15.2,6.3,2.0,7.4,0.5,50.6,33.2,50.1,4.6
2022,Sacramento,18,13,28,8.3,21,7,90,419,3232.0,17,12.8,22,18,5,13,12,10,11,4,18.0,72953,88.0,67,9.3,25,23.3,14.8,9.7,1.6,17.5,1.3,23.9,43.0,51.1,2.1
2022,San Benito,21,12,30,9.2,20,9,29,128,2575.0,9,7.1,22,15,8,12,12,11,7,3,14.0,91185,82.0,57,9.9,19,25.5,13.5,1.1,3.2,4.3,0.5,61.2,31.8,49.7,24.0
2022,San Bernardino,24,13,33,8.1,17,10,59,266,4002.0,20,17.6,26,19,9,13,14,12,10,9,16.0,65984,81.0,57,9.4,26,26.0,12.2,8.1,2.1,8.4,0.5,54.9,26.4,50.2,4.7
2022,San Diego,17,11,24,8.8,20,9,82,441,2774.0,11,12.9,25,20,7,12,11,9,9,3,17.0,87126,88.0,74,9.2,21,21.2,14.9,4.7,1.3,12.8,0.6,34.3,44.4,49.6,3.3
2022,San Francisco,14,9,16,8.8,21,5,161,1009,2695.0,9,11.7,24,16,6,10,9,9,11,0,45.0,121722,89.0,88,7.8,21,13.5,16.6,5.0,0.7,36.5,0.5,15.2,39.6,49.0,0.0
2022,San Joaquin,23,14,32,8.2,20,8,60,267,3410.0,17,17.8,24,18,7,14,13,12,12,5,18.0,70685,80.0,52,11.3,22,26.7,13.3,7.1,2.1,18.1,0.9,42.3,29.4,50.1,8.5
2022,San Luis Obispo,16,12,26,8.7,22,7,82,663,1864.0,9,8.6,21,18,3,13,11,9,9,4,21.0,79455,92.0,70,7.7,18,17.4,21.4,1.8,1.4,4.0,0.2,23.2,68.1,49.5,16.6
2022,San Mateo,14,9,21,9.5,20,6,106,432,1753.0,6,10.5,24,17,8,10,9,9,7,1,13.0,132369,90.0,80,6.9,16,19.9,17.1,2.2,0.9,31.5,1.5,23.8,38.0,50.4,1.9
2022,Santa Barbara,20,12,27,8.8,20,12,76,590,1846.0,13,8.6,29,20,11,13,12,10,9,3,18.0,86136,82.0,63,8.0,23,22.1,16.1,1.8,2.2,6.0,0.3,46.4,43.3,50.0,5.0
2022,Santa Clara,14,9,21,9.3,18,6,106,398,2508.0,7,12.9,23,16,8,10,9,9,7,1,12.0,139462,89.0,80,7.0,16,21.3,14.3,2.4,1.2,40.1,0.5,24.7,29.7,49.3,1.1
2022,Santa Cruz,18,11,29,8.3,21,8,103,869,2224.0,11,8.3,27,21,7,13,12,9,10,5,19.0,93015,88.0,71,9.5,22,18.7,18.0,1.0,1.9,5.3,0.2,34.0,56.7,50.6,12.0
2022,Shasta,18,16,28,7.3,21,8,73,438,2563.0,18,14.8,22,18,3,15,13,9,15,7,22.0,59108,91.0,68,8.7,22,21.5,21.3,1.1,3.2,3.2,0.2,10.9,78.7,50.9,29.3
2022,Sierra,18,15,30,6.1,21,7,33,240,3135.0,14,7.4,17,17,0,15,13,9,12,25,0.0,59422,93.0,68,8.0,46,16.9,31.1,0.4,2.7,1.0,0.2,12.8,81.9,49.2,99.7
2022,Siskiyou,19,16,31,6.5,21,9,73,483,2353.0,20,20.9,19,15,3,15,14,10,16,11,16.0,49441,90.0,63,9.7,23,20.2,26.8,1.4,5.2,1.6,0.4,13.4,74.7,50.3,65.8
2022,Solano,18,12,31,8.8,20,6,82,418,2861.0,11,12.9,21,16,5,12,11,10,9,4,18.0,83678,89.0,65,9.5,26,21.8,16.8,13.6,1.3,16.5,1.1,27.8,36.3,50.2,3.7
2022,Sonoma,16,11,27,8.9,21,8,102,516,2466.0,9,8.4,23,18,5,12,11,8,9,3,22.0,87366,89.0,68,7.9,21,19.2,21.1,1.6,2.2,4.7,0.4,27.6,62.3,51.2,12.4
2022,Stanislaus,24,14,31,8.2,19,8,66,238,4171.0,17,17.3,23,17,7,14,14,12,12,3,18.0,64501,80.0,54,10.7,22,26.9,13.6,2.7,2.2,6.2,1.0,48.3,39.4,50.4,8.0
2022,Sutter,22,15,29,7.4,19,9,79,374,3042.0,16,10.3,19,13,6,14,14,11,14,8,14.0,65791,80.0,61,11.0,24,25.5,16.2,2.2,2.4,17.6,0.4,32.1,44.1,50.2,14.8
2022,Tehama,23,17,35,6.7,20,9,49,177,3731.0,17,10.6,23,18,5,16,15,11,16,10,8.0,61571,86.0,60,8.8,24,23.7,20.3,0.8,3.4,1.5,0.3,26.6,66.5,50.4,51.5
2022,Trinity,20,17,30,7.0,21,10,33,434,1784.0,26,11.3,20,16,3,16,14,10,16,8,0.0,45113,93.0,59,8.0,41,17.5,29.3,0.6,5.2,1.9,0.3,7.6,81.0,48.8,100.0
2022,Tulare,28,15,36,7.3,16,10,43,300,3428.0,23,17.0,27,18,10,15,16,14,16,5,12.0,62058,72.0,49,13.2,26,30.3,11.9,1.3,2.8,4.1,0.3,66.0,27.1,50.1,15.5
2022,Tuolumne,18,15,28,7.8,23,7,70,229,2127.0,13,14.9,20,16,3,14,13,9,13,6,17.0,63336,91.0,62,10.4,23,16.8,27.3,2.0,2.2,1.5,0.3,13.2,79.0,47.9,49.0
2022,Ventura,18,11,28,9.1,19,10,80,433,2973.0,12,10.2,23,18,7,12,11,10,8,2,18.0,90961,86.0,66,8.6,18,22.3,16.7,1.8,1.9,8.0,0.3,43.4,44.3,50.5,3.1
2022,Yolo,19,12,30,8.5,18,7,124,393,2420.0,11,12.9,24,19,6,13,12,10,11,3,12.0,80668,87.0,72,7.5,21,20.6,13.3,2.5,1.8,15.2,0.6,32.1,45.4,51.6,6.9
2022,Yuba,21,15,31,7.2,19,8,22,238,4100.0,19,13.0,23,16,7,15,14,11,13,11,18.0,56278,82.0,63,10.5,22,27.4,13.3,3.7,3.0,7.6,0.6,29.7,52.8,49.4,26.2
2021,Alameda,15,11,22,8.9,18,5,110,648,3023.0,10,8.7,23,17,7,11,11,7,9,1,11.0,107589,88.0,76,2.9,20,20.3,14.3,10.2,1.1,32.3,0.9,22.3,30.6,50.7,0.4
2021,Alpine,20,18,17,6.8,21,7,0,354,3018.0,30,5.4,28,28,4,16,15,7,15,12,0.0,58112,91.0,52,5.1,42,17.7,26.4,0.4,25.7,1.6,0.0,12.3,61.3,46.1,100.0
2021,Amador,17,16,30,8.3,25,6,63,241,2802.0,13,9.0,18,16,2,14,13,17,11,4,21.0,62640,90.0,62,3.8,18,15.1,27.5,2.5,2.3,1.7,0.3,14.5,77.3,45.6,60.4
2021,Butte,19,17,30,7.4,22,8,61,717,4748.0,16,7.6,22,19,3,15,14,10,14,7,24.0,58394,89.0,69,5.1,21,20.3,18.4,1.6,2.5,5.0,0.3,17.2,70.9,50.5,18.9
2021,Calaveras,16,16,28,8.2,23,7,42,166,2536.0,20,8.0,21,19,2,14,13,11,12,3,20.0,68248,90.0,56,3.8,29,17.1,28.0,0.9,2.0,1.9,0.3,13.0,79.9,50.2,75.4
2021,Colusa,24,16,39,7.8,20,12,28,167,4095.0,15,6.6,20,11,8,15,15,16,14,3,0.0,59048,71.0,51,12.8,19,27.1,14.9,1.0,2.8,1.6,0.6,60.4,34.1,49.1,31.7
2021,Contra Costa,15,11,25,8.9,18,6,103,351,3222.0,10,8.1,20,16,5,12,11,9,9,3,13.0,106555,89.0,72,3.1,20,22.4,16.3,8.7,1.0,18.3,0.6,26.0,42.7,51.1,0.8
2021,Del Norte,23,19,34,6.3,21,7,61,428,2997.0,26,5.8,20,17,4,16,16,17,17,14,17.0,48979,80.0,42,5.7,30,20.9,18.4,3.3,9.7,3.1,0.2,20.1,62.0,45.4,33.7
2021,El Dorado,13,13,26,8.5,24,6,79,346,3131.0,9,8.3,18,16,2,13,11,8,9,6,17.0,86202,93.0,69,3.5,17,19.8,21.9,0.9,1.3,4.8,0.2,13.2,77.2,50.1,34.7
2021,Fresno,25,16,33,7.4,19,9,67,374,3839.0,29,14.4,27,19,9,14,15,10,15,4,12.0,56926,76.0,56,7.2,28,28.2,12.6,4.6,3.0,11.1,0.3,53.8,28.6,50.1,10.8
2021,Glenn,23,17,34,7.7,20,12,14,109,5079.0,18,7.6,21,17,5,15,15,11,14,4,13.0,55682,75.0,46,6.1,23,26.6,15.8,0.8,3.2,3.1,0.2,42.5,50.5,49.1,40.9
2021,Humboldt,18,17,25,7.5,20,8,64,483,2961.0,21,6.1,24,20,4,15,15,10,14,6,28.0,51134,90.0,68,3.6,25,18.9,18.6,1.2,6.4,2.9,0.3,12.1,73.8,50.4,29.8
2021,Imperial,29,16,33,6.2,19,8,25,152,3614.0,31,12.5,26,17,11,15,16,9,19,9,17.0,48102,70.0,53,18.3,31,28.5,13.3,2.4,2.5,2.1,0.2,85.0,10.0,48.7,17.4
2021,Inyo,17,15,27,7.7,23,8,111,466,2118.0,15,6.6,18,13,2,14,13,12,11,12,31.0,59605,89.0,61,3.5,19,20.7,23.4,1.0,13.5,1.7,0.2,23.4,60.8,49.9,46.4
2021,Kern,27,17,31,7.5,19,9,49,203,4466.0,26,16.0,24,17,9,15,17,10,14,5,27.0,53245,74.0,47,7.7,25,28.8,11.2,5.2,2.6,5.4,0.3,54.6,32.8,48.8,10.2
2021,Kings,25,17,34,7.5,19,8,37,205,4114.0,22,15.6,23,16,8,15,16,13,14,5,13.0,57297,73.0,51,7.9,25,27.0,10.5,6.3,3.2,4.4,0.4,55.3,31.3,44.9,10.9
2021,Lake,21,18,22,6.9,21,9,43,367,3652.0,25,3.0,22,20,3,16,16,11,16,9,62.0,46897,86.0,53,5.0,25,21.2,23.1,1.8,4.5,1.4,0.3,22.0,68.9,50.0,33.1
2021,Lassen,21,18,33,7.7,23,5,29,304,3561.0,15,7.0,15,14,1,15,15,15,13,7,24.0,53613,83.0,36,4.6,25,17.3,15.5,8.0,4.3,1.6,0.9,19.3,64.7,37.8,70.5
2021,Los Angeles,21,13,22,8.4,18,10,73,363,4053.0,18,12.0,33,24,12,13,13,9,11,2,10.0,72721,79.0,64,4.4,25,21.4,14.1,8.0,1.4,15.4,0.4,48.6,26.1,50.7,0.6
2021,Madera,26,17,37,7.4,19,11,45,163,3386.0,26,12.1,25,16,10,15,16,12,13,9,13.0,61105,72.0,46,6.9,21,27.4,14.3,3.2,4.4,2.6,0.3,58.8,33.2,51.8,32.9
2021,Marin,12,10,18,9.2,23,5,145,782,2101.0,7,6.4,22,19,4,11,10,8,7,2,14.0,112069,93.0,77,2.3,18,19.8,23.0,2.6,1.0,6.6,0.3,16.3,71.1,51.1,6.5
2021,Mariposa,17,16,16,7.6,22,8,29,291,2908.0,22,9.1,19,17,1,15,13,8,13,6,0.0,52760,91.0,64,4.6,32,16.1,28.9,1.2,3.5,1.6,0.2,12.1,79.3,49.1,100.0
2021,Mendocino,20,17,30,7.6,22,10,88,671,2805.0,20,6.4,27,22,5,15,15,11,14,7,38.0,52309,87.0,58,4.0,28,21.1,23.1,0.8,6.3,2.3,0.3,25.8,64.3,50.4,45.2
2021,Merced,28,16,33,7.2,17,9,45,189,5004.0,23,12.0,25,17,9,15,17,13,15,7,14.0,59733,69.0,49,8.1,26,29.3,11.4,2.9,2.5,7.8,0.4,61.0,26.5,49.5,14.3
2021,Modoc,21,19,26,6.9,21,9,68,339,3327.0,31,5.6,17,15,3,16,15,12,15,12,0.0,45311,85.0,51,7.1,32,19.4,27.5,1.1,5.1,1.2,0.4,14.6,77.2,49.7,70.0
2021,Mono,16,14,29,7.8,23,10,70,201,2297.0,12,5.5,11,10,2,13,12,11,9,15,0.0,66226,89.0,60,3.7,16,17.8,16.1,0.7,2.9,2.6,0.4,26.8,65.8,47.0,45.8
2021,Monterey,24,14,25,8.4,19,12,63,383,3162.0,18,6.7,29,18,13,14,14,9,11,3,12.0,76509,72.0,47,6.2,20,26.0,14.0,2.5,2.6,6.7,0.6,59.4,29.4,49.1,9.8
2021,Napa,16,12,24,9.1,23,8,95,577,2795.0,8,8.6,22,16,6,12,11,10,8,2,11.0,90230,86.0,65,2.8,21,20.2,19.7,2.1,1.3,8.9,0.4,34.6,51.8,50.2,13.4
2021,Nevada,14,14,18,8.1,25,7,70,858,2285.0,14,6.3,21,18,2,13,12,6,11,7,16.0,69550,94.0,74,3.3,20,17.0,28.4,0.5,1.3,1.5,0.2,9.8,84.7,50.9,42.1
2021,Orange,17,11,20,9.1,19,8,99,291,2832.0,13,9.4,27,20,9,12,12,9,9,1,13.0,95761,85.0,70,2.8,18,21.7,15.3,1.7,1.0,21.7,0.4,34.0,39.8,50.7,0.1
2021,Placer,13,12,20,8.9,24,5,123,314,1991.0,8,7.2,18,16,2,12,11,7,8,3,13.0,97688,95.0,79,3.1,15,22.1,19.9,1.7,1.1,8.2,0.3,14.4,71.5,51.2,13.8
2021,Plumas,15,16,24,7.9,24,7,80,298,3911.0,19,14.0,18,17,1,14,12,7,14,2,20.0,59376,95.0,72,7.7,26,17.4,28.9,1.0,3.2,1.1,0.2,9.3,83.1,50.2,74.0
2021,Riverside,20,14,28,8.2,18,9,43,217,3564.0,14,14.1,25,20,7,14,13,10,10,7,18.0,72905,82.0,56,4.2,22,24.9,14.8,6.2,1.9,7.2,0.4,50.0,34.1,50.1,4.6
2021,Sacramento,18,14,30,8.1,20,6,87,386,3603.0,16,8.7,22,18,5,13,13,9,12,4,17.0,71891,88.0,67,3.7,26,23.4,14.5,9.8,1.5,17.0,1.3,23.6,43.8,51.1,2.1
2021,San Benito,20,13,36,9.1,20,8,29,113,3349.0,14,4.3,22,15,8,13,13,10,8,3,14.0,84209,80.0,56,5.0,21,25.5,13.1,1.0,3.1,3.9,0.4,60.8,32.8,49.9,24.0
2021,San Bernardino,24,15,31,8.0,19,9,59,243,4170.0,19,14.8,26,19,9,14,15,10,11,8,11.0,67398,80.0,56,3.8,26,26.1,11.9,8.1,2.1,8.0,0.5,54.4,27.3,50.2,4.7
2021,San Diego,16,13,20,8.6,21,9,80,399,2974.0,13,8.7,25,20,7,12,12,8,10,3,14.0,83576,87.0,73,3.2,21,21.4,14.5,4.7,1.3,12.6,0.6,34.1,45.0,49.7,3.3
2021,San Francisco,13,11,17,8.8,25,5,159,923,2921.0,9,7.6,24,17,6,10,9,6,10,0,31.0,121795,88.0,88,2.2,21,13.4,16.1,5.0,0.7,36.0,0.5,15.2,40.2,49.0,0.0
2021,San Joaquin,22,15,36,7.9,18,8,60,248,3599.0,18,14.1,24,18,7,14,14,10,12,5,17.0,68458,79.0,51,5.9,23,26.8,13.1,7.1,2.0,17.4,0.8,42.0,30.5,50.1,8.5
2021,San Luis Obispo,15,14,29,8.6,24,7,82,631,2170.0,11,8.2,22,19,3,13,12,9,9,4,16.0,76599,91.0,70,2.9,18,17.5,20.9,1.7,1.4,4.0,0.2,22.9,68.5,49.4,16.6
2021,San Mateo,13,10,23,9.4,21,5,105,392,1880.0,6,8.3,23,17,8,10,10,8,7,1,11.0,135234,90.0,79,2.0,16,20.2,16.6,2.3,0.9,30.6,1.5,24.0,38.7,50.5,1.9
2021,Santa Barbara,19,13,24,8.7,20,11,75,551,1991.0,13,7.1,29,20,10,13,13,8,10,3,16.0,74530,81.0,60,3.7,23,22.1,15.7,1.8,2.1,6.0,0.3,46.0,43.8,50.0,5.0
2021,Santa Clara,14,10,20,9.3,17,5,104,365,2829.0,6,9.1,23,16,8,10,10,9,7,1,9.0,132444,88.0,79,2.5,16,21.6,13.9,2.4,1.2,39.0,0.5,25.0,30.6,49.3,1.1
2021,Santa Cruz,16,13,19,8.4,22,7,101,804,2490.0,10,5.3,27,22,7,13,12,6,10,4,17.0,85770,86.0,68,4.7,21,19.0,17.3,1.0,1.8,5.3,0.2,34.0,56.8,50.5,12.0
2021,Shasta,17,17,27,7.2,21,7,75,387,2890.0,17,5.0,23,19,3,15,14,12,14,9,19.0,61464,91.0,69,4.7,22,21.6,21.1,1.1,3.2,3.1,0.2,10.5,79.2,50.9,29.3
2021,Sierra,17,16,19,6.3,23,7,33,166,2310.0,18,6.5,18,18,0,15,13,7,11,28,0.0,55862,92.0,59,5.4,47,16.5,32.0,0.4,2.6,0.9,0.1,12.7,82.1,49.8,99.7
2021,Siskiyou,19,18,35,6.7,23,8,71,446,2659.0,26,4.9,20,17,3,15,14,10,16,10,14.0,45954,90.0,63,6.5,22,20.1,26.1,1.4,5.1,1.6,0.4,13.2,75.2,50.3,65.8
2021,Solano,17,14,29,8.5,20,6,84,386,3339.0,11,9.0,21,17,5,13,12,9,10,3,16.0,85704,88.0,64,3.7,26,22.0,16.3,13.7,1.3,16.2,1.0,27.3,37.2,50.2,3.7
2021,Sonoma,15,13,24,8.7,24,8,104,485,2599.0,8,4.6,23,18,5,13,12,8,9,4,16.0,87084,89.0,67,2.7,20,19.3,20.7,1.6,2.2,4.6,0.4,27.3,62.9,51.2,12.4
2021,Stanislaus,22,16,32,7.9,19,7,65,218,4480.0,17,12.6,24,18,7,15,15,10,12,5,14.0,62761,79.0,54,6.0,23,27.0,13.4,2.7,2.0,6.1,0.9,47.6,40.4,50.4,8.0
2021,Sutter,22,16,30,7.1,20,9,79,352,3919.0,17,8.1,21,14,7,15,15,13,14,11,11.0,60910,78.0,58,7.3,24,25.8,15.6,2.2,2.4,17.0,0.4,31.9,44.9,50.2,14.8
2021,Tehama,22,18,35,6.8,20,8,47,172,3837.0,24,4.7,21,17,5,16,16,11,16,10,7.0,51672,85.0,55,5.5,26,23.8,19.6,0.8,3.3,1.4,0.2,25.8,67.3,50.3,51.5
2021,Trinity,20,19,29,7.0,21,9,24,431,2132.0,25,5.4,23,19,2,16,15,10,16,7,0.0,43881,92.0,60,5.5,40,17.3,28.3,0.6,5.2,1.5,0.2,7.4,81.9,48.6,100.0
2021,Tulare,28,18,37,7.0,17,9,43,282,3923.0,26,14.7,27,19,10,16,17,11,16,8,9.0,56776,71.0,48,9.6,24,30.5,11.6,1.2,2.8,4.0,0.2,65.6,27.7,50.0,15.5
2021,Tuolumne,17,16,30,7.4,24,6,79,207,2220.0,15,9.0,20,16,3,14,13,8,13,10,19.0,64729,91.0,57,4.5,23,16.8,27.0,1.8,2.3,1.5,0.3,12.7,79.7,48.2,49.0
2021,Ventura,18,12,20,8.9,19,9,78,396,3067.0,11,9.6,23,18,7,12,12,9,8,3,16.0,91446,85.0,65,3.6,18,22.6,16.2,1.8,1.9,7.9,0.3,43.2,44.7,50.5,3.1
2021,Yolo,18,14,24,8.6,20,7,122,369,2454.0,13,6.3,24,19,5,13,13,8,11,2,11.0,70951,87.0,70,4.1,20,20.8,12.9,2.5,1.8,15.1,0.6,31.9,46.0,51.5,6.9
2021,Yuba,21,17,29,6.9,21,8,23,225,5032.0,19,8.6,22,15,7,15,15,13,14,12,18.0,56607,82.0,62,6.1,19,27.4,13.1,3.6,2.9,7.3,0.6,29.1,54.0,49.4,26.2
2020,Alameda,12,10,19,8.3,20,6,110,614,3298.0,10,10.4,24,18,7,10,9,7,12,1,10.0,101744,87.0,76,3.0,26,20.5,13.8,10.3,1.1,31.8,1.0,22.4,31.1,50.8,0.4
2020,Alpine,16,14,23,6.9,20,8,0,454,2480.0,35,5.6,23,21,3,14,13,7,14,12,0.0,55384,0.0,53,4.6,43,17.5,25.4,0.1,23.9,2.0,0.0,11.4,64.1,46.6,100.0
2020,Amador,13,11,30,8.2,21,6,67,229,3115.0,14,8.9,19,17,2,11,10,14,12,4,16.0,58515,88.0,61,4.0,28,15.0,27.0,2.5,2.3,1.7,0.3,14.4,77.4,45.6,60.4
2020,Butte,17,14,27,7.0,20,7,61,645,4656.0,20,8.9,23,20,3,13,13,10,16,7,26.0,50945,85.0,69,5.0,32,20.0,18.6,1.5,2.5,4.9,0.3,16.7,71.6,50.6,18.9
2020,Calaveras,12,11,31,8.2,20,7,44,164,3050.0,18,9.0,20,18,2,12,10,12,12,3,17.0,62984,90.0,57,4.0,38,16.9,27.5,0.8,1.9,1.7,0.3,12.4,80.7,50.2,75.4
2020,Colusa,19,12,41,8.2,20,11,32,176,3534.0,14,8.7,18,10,8,12,12,21,12,3,0.0,57249,89.0,49,12.9,30,27.3,14.6,1.0,2.8,1.7,0.6,60.3,34.3,48.9,31.7
2020,Contra Costa,12,10,24,8.5,20,6,103,339,3379.0,9,11.6,21,17,5,11,9,9,10,3,12.0,101463,88.0,71,3.2,26,22.6,15.8,8.7,1.0,18.0,0.6,25.8,43.2,51.1,0.8
2020,Del Norte,18,15,34,6.4,20,6,62,406,2869.0,27,8.5,22,18,4,14,13,10,16,14,13.0,48518,81.0,44,5.5,34,21.0,18.0,3.3,9.3,3.1,0.2,20.0,62.4,45.4,33.7
2020,El Dorado,12,11,23,8.2,22,5,81,331,3277.0,9,9.3,19,17,2,11,10,8,11,6,19.0,81869,89.0,71,3.6,21,19.8,21.2,0.9,1.3,4.7,0.2,12.9,77.6,50.1,34.7
2020,Fresno,24,13,31,7.7,17,9,67,347,4172.0,30,15.3,28,20,9,13,13,11,14,4,13.0,52318,81.0,55,7.5,41,28.3,12.3,4.6,3.0,11.0,0.3,53.5,29.0,50.1,10.8
2020,Glenn,18,13,32,8.0,20,11,18,114,5716.0,19,9.1,23,18,6,13,12,10,13,4,12.0,47365,82.0,45,6.5,28,26.6,15.9,0.8,3.2,3.1,0.2,42.3,50.8,49.2,40.9
2020,Humboldt,16,14,29,7.1,21,9,69,452,2855.0,23,8.8,25,21,4,14,12,9,16,6,32.0,49471,84.0,67,3.6,39,19.2,17.9,1.2,6.3,2.9,0.3,11.8,74.1,50.2,29.8
2020,Imperial,25,13,35,7.2,17,8,24,140,3679.0,30,13.5,27,19,10,13,14,9,14,9,18.0,46633,85.0,52,18.1,37,28.5,13.0,2.5,2.5,2.1,0.2,84.6,10.4,48.7,17.4
2020,Inyo,15,12,28,7.5,20,9,111,461,2288.0,15,7.3,17,13,2,12,11,9,11,12,33.0,53793,40.0,60,3.9,27,20.5,23.4,1.0,13.5,1.6,0.2,22.7,61.8,49.7,46.4
2020,Kern,23,15,32,7.7,18,9,49,189,4914.0,27,19.7,25,17,9,13,13,9,13,5,25.0,51586,86.0,46,8.0,36,28.9,11.0,5.2,2.6,5.4,0.3,54.0,33.5,48.7,10.2
2020,Kings,21,14,29,7.8,21,9,40,202,4781.0,23,16.7,24,16,9,13,13,10,13,5,10.0,58255,80.0,51,7.7,36,27.1,10.3,6.1,3.2,4.5,0.3,55.0,31.8,45.0,10.9
2020,Lake,18,14,25,7.0,19,9,45,362,3379.0,26,6.9,24,22,3,14,13,13,16,9,47.0,45086,78.0,49,5.2,39,21.0,22.7,1.8,4.4,1.4,0.3,21.3,69.7,50.1,33.1
2020,Lassen,15,14,41,7.5,24,5,32,305,4434.0,16,7.4,16,14,2,12,11,20,14,7,24.0,57705,86.0,37,4.8,28,17.1,15.2,7.9,4.3,1.6,0.9,19.2,65.1,37.8,70.5
2020,Los Angeles,16,11,22,8.5,19,10,73,342,4346.0,20,14.2,33,24,12,11,11,8,11,2,9.0,67986,82.0,63,4.7,35,21.7,13.6,8.0,1.4,15.4,0.4,48.6,26.1,50.7,0.6
2020,Madera,23,13,36,7.7,20,10,44,163,3584.0,29,14.0,25,17,9,14,13,12,11,9,10.0,53632,83.0,45,7.0,32,27.5,14.0,3.3,4.4,2.5,0.3,58.3,33.7,51.8,32.9
2020,Marin,11,10,17,8.8,20,5,148,756,2012.0,6,10.3,22,19,4,11,9,5,10,2,14.0,122933,87.0,76,2.4,24,20.0,22.3,2.5,1.0,6.5,0.3,16.1,71.5,51.1,6.5
2020,Mariposa,14,12,24,7.5,19,8,34,280,3317.0,23,9.2,20,17,2,12,11,7,14,6,0.0,51402,86.0,60,5.3,31,16.2,27.9,1.2,3.4,1.7,0.2,11.6,79.7,49.0,100.0
2020,Mendocino,17,13,32,7.6,19,11,90,642,2743.0,26,8.8,28,23,5,13,12,8,14,7,33.0,51386,84.0,57,3.9,42,21.4,22.1,0.8,6.3,2.2,0.3,25.6,64.7,50.5,45.2
2020,Merced,23,14,28,7.6,19,9,44,173,5413.0,29,12.0,25,18,9,14,14,14,13,7,14.0,56169,88.0,48,8.3,37,29.3,11.2,3.0,2.5,7.9,0.4,60.2,27.1,49.5,14.3
2020,Modoc,16,14,28,6.8,18,11,68,365,3131.0,27,6.6,16,15,2,14,12,19,16,12,0.0,45227,86.0,49,7.5,23,19.5,26.9,1.0,5.0,1.3,0.3,14.2,77.7,50.0,70.0
2020,Mono,14,12,25,7.4,23,10,64,196,2685.0,12,6.1,14,11,2,11,10,6,11,15,0.0,66499,36.0,62,3.8,22,18.3,15.8,0.7,3.0,2.2,0.3,27.6,65.3,46.9,45.8
2020,Monterey,22,12,28,8.6,19,11,60,360,3224.0,19,6.7,30,19,13,12,13,8,10,3,11.0,69665,85.0,47,6.3,33,26.1,13.6,2.6,2.6,6.8,0.6,59.1,29.6,49.1,9.8
2020,Napa,14,10,24,9.0,20,9,96,549,2743.0,9,10.6,22,16,6,11,10,9,8,2,10.0,85624,87.0,64,2.9,28,20.7,19.1,2.1,1.3,8.8,0.4,34.5,52.0,50.2,13.4
2020,Nevada,12,12,22,7.8,21,7,70,799,2300.0,14,8.1,21,18,2,12,10,6,12,7,17.0,66681,50.0,73,3.5,29,17.1,27.5,0.5,1.3,1.4,0.2,9.7,84.9,50.9,42.1
2020,Orange,14,9,19,8.9,20,8,97,267,3107.0,13,10.6,27,20,9,10,9,9,9,1,13.0,89373,89.0,70,2.9,25,21.9,14.8,1.6,1.0,21.4,0.4,34.2,40.1,50.6,0.1
2020,Placer,11,10,21,8.5,20,4,124,299,2264.0,7,10.5,18,16,2,11,9,7,10,3,11.0,89175,90.0,78,3.2,20,22.2,19.6,1.6,1.1,8.0,0.3,14.3,72.1,51.1,13.8
2020,Plumas,14,11,27,7.6,19,7,85,282,3349.0,20,9.9,18,16,2,12,11,11,16,2,0.0,55079,81.0,71,7.5,35,16.9,28.4,1.0,3.1,1.2,0.1,9.2,83.4,50.2,74.0
2020,Riverside,17,12,27,8.3,20,9,43,206,3750.0,17,14.8,26,20,7,13,12,9,9,7,17.0,66793,89.0,55,4.4,30,25.1,14.4,6.2,1.9,7.1,0.4,49.6,34.7,50.2,4.6
2020,Sacramento,16,12,29,7.6,20,6,85,374,3917.0,21,9.1,23,19,5,12,11,10,14,4,15.0,69475,81.0,67,3.8,33,23.6,14.1,9.8,1.5,16.9,1.3,23.4,44.2,51.1,2.1
2020,San Benito,17,11,32,9.4,21,8,32,109,3669.0,12,6.2,24,16,8,11,11,9,6,3,10.0,80063,90.0,58,5.1,31,25.7,12.9,0.9,3.1,3.6,0.4,60.6,33.5,49.9,24.0
2020,San Bernardino,20,13,29,8.1,19,8,58,227,4585.0,21,14.9,27,20,9,12,12,9,10,8,9.0,63310,83.0,55,4.0,36,26.4,11.6,8.1,2.1,7.8,0.5,54.0,27.9,50.2,4.7
2020,San Diego,14,11,20,8.4,22,8,80,371,3121.0,15,10.4,25,20,6,11,11,7,11,3,14.0,78777,81.0,72,3.3,29,21.6,14.0,4.7,1.3,12.6,0.6,34.0,45.2,49.7,3.3
2020,San Francisco,11,10,18,8.2,23,5,154,900,3213.0,11,9.8,25,18,6,10,9,7,13,0,23.0,110601,71.0,87,2.4,25,13.4,15.7,5.0,0.7,35.9,0.5,15.2,40.3,49.0,0.0
2020,San Joaquin,17,12,33,7.9,20,8,58,238,3961.0,21,11.9,25,19,7,12,11,10,13,5,17.0,63567,82.0,51,6.0,33,27.1,12.7,7.1,2.0,17.0,0.8,41.9,31.0,50.2,8.5
2020,San Luis Obispo,13,11,26,8.1,20,7,83,601,2270.0,11,10.5,22,19,4,12,10,8,12,4,16.0,70626,92.0,70,2.9,26,17.6,20.1,1.7,1.4,4.0,0.2,22.8,68.6,49.3,16.6
2020,San Mateo,12,9,21,9.1,19,5,106,376,2135.0,7,9.2,24,18,8,9,8,8,8,1,9.0,122930,88.0,78,2.2,21,20.6,16.1,2.3,0.9,30.1,1.5,24.3,38.9,50.6,1.9
2020,Santa Barbara,17,11,25,8.6,21,11,76,525,2161.0,15,10.2,29,21,10,12,11,9,10,3,15.0,75646,87.0,59,3.9,32,22.1,15.3,1.8,2.2,6.0,0.3,45.8,44.1,50.0,5.0
2020,Santa Clara,12,8,19,8.9,17,5,104,348,2977.0,7,8.9,23,16,8,9,8,8,9,1,8.0,125933,85.0,78,2.6,22,21.9,13.5,2.4,1.2,38.3,0.5,25.3,31.0,49.4,1.1
2020,Santa Cruz,15,11,19,8.3,23,7,100,761,2792.0,15,7.5,27,21,7,12,11,7,11,4,16.0,84213,82.0,67,4.9,29,19.3,16.5,1.0,1.9,5.2,0.2,34.1,56.9,50.5,12.0
2020,Shasta,14,14,24,6.9,19,7,72,340,3393.0,18,8.4,22,19,3,13,12,11,16,9,19.0,53908,87.0,68,4.9,33,21.4,20.9,1.1,3.2,3.1,0.2,10.3,79.6,50.9,29.3
2020,Sierra,14,12,25,5.8,18,8,33,167,3101.0,18,6.7,11,10,0,12,11,7,13,28,0.0,52308,100.0,54,6.0,39,16.1,31.6,0.5,2.5,0.7,0.1,12.1,82.8,49.4,99.7
2020,Siskiyou,16,14,32,6.6,18,9,75,439,3256.0,24,9.6,21,18,3,14,12,13,17,10,22.0,47560,80.0,62,6.7,35,20.1,25.5,1.3,5.1,1.6,0.4,12.9,75.7,50.3,65.8
2020,Solano,15,12,30,8.0,20,6,81,376,3456.0,10,11.0,21,18,5,11,10,10,13,3,14.0,82808,81.0,65,3.9,35,22.1,15.8,13.7,1.3,16.2,1.0,26.9,37.6,50.3,3.7
2020,Sonoma,14,10,22,8.5,22,8,102,460,2710.0,12,10.1,23,19,5,12,10,7,10,4,14.0,81002,81.0,66,2.7,30,19.6,19.7,1.6,2.2,4.6,0.4,27.2,63.1,51.2,12.4
2020,Stanislaus,18,13,31,8.0,21,7,66,211,4613.0,21,12.3,24,18,7,13,12,11,12,5,13.0,59616,84.0,53,6.4,32,27.1,13.2,2.7,2.0,6.1,0.9,47.0,41.1,50.5,8.0
2020,Sutter,17,12,32,7.0,19,9,76,334,4285.0,18,9.4,21,15,7,12,11,10,14,11,12.0,57879,83.0,57,7.5,31,25.9,15.4,2.2,2.4,17.0,0.4,31.5,45.3,50.2,14.8
2020,Tehama,18,14,28,7.1,19,8,47,181,3433.0,24,8.7,20,16,5,14,13,10,14,10,9.0,47572,88.0,53,5.7,35,24.0,19.4,0.7,3.4,1.4,0.2,25.7,67.6,50.3,51.5
2020,Trinity,16,15,34,7.0,18,9,24,415,2912.0,31,7.8,24,18,4,14,13,8,17,7,0.0,40680,74.0,60,5.7,39,17.1,27.3,0.5,5.2,1.4,0.2,7.5,81.8,48.6,100.0
2020,Tulare,26,14,37,7.5,18,9,42,267,4469.0,29,17.8,27,19,10,15,15,9,13,8,9.0,48763,86.0,46,9.6,36,30.7,11.4,1.2,2.8,4.0,0.2,65.2,28.1,50.0,15.5
2020,Tuolumne,13,11,33,7.2,21,6,85,193,2464.0,17,8.9,21,17,3,12,11,10,14,10,21.0,56500,86.0,58,4.6,31,16.8,26.2,1.9,2.3,1.4,0.3,12.7,79.8,48.1,49.0
2020,Ventura,15,11,21,9.0,19,9,76,373,3359.0,12,11.2,24,18,7,11,10,9,8,3,15.0,84170,86.0,64,3.8,27,22.9,15.6,1.8,1.9,7.9,0.3,43.0,45.0,50.5,3.1
2020,Yolo,16,11,24,8.0,21,6,123,353,2878.0,15,9.8,23,20,5,12,11,6,13,2,12.0,67804,87.0,70,4.2,26,21.0,12.5,2.5,1.8,15.0,0.6,31.9,46.3,51.6,6.9
2020,Yuba,16,14,34,6.8,21,7,25,210,4921.0,22,9.6,23,16,8,13,12,12,15,12,20.0,47504,75.0,60,6.4,33,27.6,12.8,3.5,2.9,7.5,0.5,28.7,54.3,49.4,26.2
